read,god,makes,go,got,see,say,days,love,back,tomorrow,think,dream,everything,really,way,working,part,two,week
god,love,today,see,always,week,get,good,time,back,morning,stars,last,read,go,part,oh,making,three,two
makes,go,read,god,got,two,see,back,way,working,days,tomorrow,everything,think,dream,really,say,today,love,good
see,god,love,today,always,get,good,back,week,hours,oh,read,last,part,days,time,morning,ill,feeling,still
love,god,see,always,today,week,morning,oh,back,get,time,read,days,good,hours,part,making,last,three,go
love,see,god,today,back,read,days,makes,morning,week,go,always,good,last,part,time,get,two,said,stars
makes,thing,god,hours,read,ill,love,get,really,always,facebook,dislike,see,making,week,oh,coffee,thats,small,today
makes,read,go,got,say,think,god,see,dream,really,tomorrow,back,working,way,everything,two,days,full,morning,three
thing,ill,hours,makes,always,really,go,love,get,read,facebook,see,small,god,dislike,eyes,thats,dream,sent,coffee
thing,facebook,ill,hours,making,alive,free,really,makes,coffee,eyes,thats,nothing,sent,oh,white,face,color,something,always
